"","minX","minY","maxX","maxY"
"1",221074.87,5310656.67664417,299089.450917139,5391721.96364578
